<?xml version="1.0" encoding="UTF-8" standalone="yes"?>
<addon id="repository.diynez" name="DIYNEZ Repository" version="1.1" provider-name="showkubii">
    <extension point="xbmc.addon.repository" name="DIYNEZ Repository">
        <dir>
            <info compressed="false">https://raw.githubusercontent.com/showkubii/repository.diynez/master/repo/zips/addons.xml</info>
            <checksum>https://raw.githubusercontent.com/showkubii/repository.diynez/master/repo/zips/addons.xml.md5</checksum>
            <datadir zip="true">https://raw.githubusercontent.com/showkubii/repository.diynez/master/repo/zips/</datadir>
        </dir>
    </extension>
    <extension point="xbmc.addon.metadata">
        <summary>DIYNEZ Repository</summary>
        <description>DIYNEZ Repository By Jirayut</description>
        <disclaimer></disclaimer>
        <platform>all</platform>
        <assets>
            <icon>icon.png</icon>
            <fanart>fanart.jpg</fanart>
        </assets>
    </extension>
</addon>