<?xml version="1.0" encoding="UTF-8"?>
<fonts>
  <fontset id="Default" idloc="15109">
    <!-- Required Font -->
    <font>
      <name>font13</name>
      <filename>diynez-thai.ttf</filename>
      <size>30</size>
    </font>
    <!-- Monospace Fonts -->
    <font>
      <name>font_system_info</name>
      <filename>diynez-thai.ttf</filename>
      <size>22</size>
    </font>
    <!-- Tiny Fonts -->
    <font>
      <name>font_tiny_hintlabel_italics</name>
      <style>uppercase lighten</style>
      <filename>diynez-thai.ttf</filename>
      <size>14</size>
    </font>
    <font>
      <name>font_tiny_hintlabel</name>
      <style>uppercase</style>
      <filename>diynez-thai.ttf</filename>
      <size>18</size>
    </font>
    <font>
      <name>font_tiny_hintlabel_title</name>
      <style>uppercase bold</style>
      <filename>diynez-thai.ttf</filename>
      <size>20</size>
    </font>
    <font>
      <name>font_tiny10</name>
      <filename>diynez-thai.ttf</filename>
      <size>20</size>
    </font>
    <font>
      <name>font_tiny_match</name>
      <filename>diynez-thai.ttf</filename>
      <size>20</size>
      <style>bold</style>
    </font>
    <font>
      <name>font_tiny_uppercase</name>
      <filename>diynez-thai.ttf</filename>
      <size>22</size>
      <style>uppercase bold</style>
    </font>
    <font>
      <name>font_tiny_title_uppercase</name>
      <filename>diynez-thai.ttf</filename>
      <size>27</size>
      <style>uppercase bold</style>
    </font>
    <!-- Small Fonts -->
    <font>
      <name>font_small_pvr_channels</name>
      <filename>diynez-thai.ttf</filename>
      <size>22</size>
      <style>uppercase</style>
    </font>
    <font>
      <name>font_small_pvr_channels_italic</name>
      <filename>diynez-thai.ttf</filename>
      <size>20</size>
      <style>italics</style>
    </font>
    <font>
      <name>font_small_notify_main_bold</name>
      <filename>diynez-thai.ttf</filename>
      <size>23</size>
      <style>bold</style>
      <linespacing>0.8</linespacing>
    </font>
    <font>
      <name>font_menu</name>
      <filename>diynez-thai.ttf</filename>
      <size>24</size>
      <style>uppercase</style>
      <aspect>0.8</aspect>
    </font>
    <font>
      <name>font_small_defaults</name>
      <filename>diynez-thai.ttf</filename>
      <size>25</size>
    </font>
    <font>
      <name>font_small_plot</name>
      <filename>diynez-thai.ttf</filename>
      <size>28</size>
      <style>lighten</style>
      <!-- <aspect>0.75</aspect> -->
    </font>
    <font>
      <name>font12</name>
      <filename>diynez-thai.ttf</filename>
      <size>25</size>
    </font>
    <font>
      <name>font_small_header</name>
      <filename>diynez-thai.ttf</filename>
      <size>25</size>
      <style>uppercase bold</style>
    </font>
    <font>
      <name>font25</name>
      <filename>diynez-thai.ttf</filename>
      <size>25</size>
      <style>uppercase</style>
    </font>
    <font>
      <name>font27</name>
      <filename>diynez-thai.ttf</filename>
      <size>27</size>
    </font>
    <font>
      <name>font27_narrow</name>
      <filename>diynez-thai.ttf</filename>
      <size>27</size>
      <linespacing>0.8</linespacing>
    </font>
    <font>
      <name>font27_bold</name>
      <filename>diynez-thai.ttf</filename>
      <size>27</size>
      <linespacing>0.8</linespacing>
    </font>
    <font>
      <name>font_small_pvr_title</name>
      <filename>diynez-thai.ttf</filename>
      <size>30</size>
    </font>
    <!-- Normal Fonts -->
    <font>
      <name>font14</name>
      <filename>diynez-thai.ttf</filename>
      <size>33</size>
    </font>
    <font>
      <name>font32</name>
      <filename>diynez-thai.ttf</filename>
      <size>32</size>
    </font>
    <font>
      <name>font32_bold</name>
      <filename>diynez-thai.ttf</filename>
      <size>32</size>
    </font>
    <font>
      <name>font37</name>
      <filename>diynez-thai.ttf</filename>
      <size>37</size>
    </font>
    <font>
      <name>font45</name>
      <filename>diynez-thai.ttf</filename>
      <size>45</size>
    </font>
    <!-- Big Fonts -->
    <font>
      <name>font_pvr_clock</name>
      <filename>diynez-thai.ttf</filename>
      <size>55</size>
    </font>
    <font>
      <name>font60</name>
      <filename>diynez-thai.ttf</filename>
      <size>60</size>
      <style>lighten</style>
    </font>
    <font>
      <name>font_clock</name>
      <filename>diynez-thai.ttf</filename>
      <size>40</size>
      <style>lighten</style>
    </font>
    <font>
      <name>WeatherTemp</name>
      <aspect>0.85</aspect>
      <filename>diynez-thai.ttf</filename>
      <size>120</size>
      <style>bold</style>
    </font>
    <!-- Menu Fonts -->
    <font>
      <name>font_menu</name>
      <filename>diynez-thai.ttf</filename>
      <size>30</size>
    </font>
    <font>
      <name>font_menu_focus</name>
      <filename>diynez-thai.ttf</filename>
      <size>30</size>
    </font>
    <!-- Plot Fonts -->
    <font>
      <name>font_plot_normal</name>
      <filename>diynez-thai.ttf</filename>
      <size>26</size>
    </font>
    <!-- Title Fonts -->
    <font>
      <name>font_flag</name>
      <filename>diynez-thai.ttf</filename>
      <size>18</size>
      <style>bold</style>
    </font>
    <font>
      <name>font20_title</name>
      <filename>diynez-thai.ttf</filename>
      <size>20</size>
      <style>bold</style>
    </font>
    <font>
      <name>font25_title</name>
      <filename>diynez-thai.ttf</filename>
      <size>25</size>
      <style>bold</style>
    </font>
    <font>
      <name>font30_title</name>
      <filename>diynez-thai.ttf</filename>
      <size>30</size>
      <style>bold</style>
    </font>
    <font>
      <name>font32_title</name>
      <filename>diynez-thai.ttf</filename>
      <size>32</size>
      <style>bold</style>
    </font>
    <font>
      <name>font30_title_upp</name>
      <filename>diynez-thai.ttf</filename>
      <size>30</size>
      <style>bold uppercase</style>
    </font>
    <font>
      <name>font36_title</name>
      <filename>diynez-thai.ttf</filename>
      <size>36</size>
      <style>bold</style>
    </font>
    <font>
      <name>font45_title</name>
      <filename>diynez-thai.ttf</filename>
      <size>45</size>
      <style>bold</style>
    </font>
    <font>
      <name>font52_title</name>
      <filename>diynez-thai.ttf</filename>
      <size>52</size>
<!--      <style>bold</style>-->
<!--      <aspect>0.8</aspect>-->
    </font>
    <font>
      <name>font_title</name>
      <filename>diynez-thai.ttf</filename>
      <size>45</size>
    </font>
  </fontset>

  <fontset id="Arial" idloc="31053">
    <!-- Required Font -->
    <font>
      <name>font13</name>
      <filename>diynez-thai.ttf</filename>
      <size>30</size>
    </font>
    <!-- Monospace Fonts -->
    <font>
      <name>font_system_info</name>
      <filename>diynez-thai.ttf</filename>
      <size>22</size>
    </font>
    <!-- Tiny Fonts -->
    <font>
      <name>font_tiny_hintlabel</name>
      <style>uppercase</style>
      <filename>diynez-thai.ttf</filename>
      <size>18</size>
    </font>
    <font>
      <name>font_tiny10</name>
      <filename>diynez-thai.ttf</filename>
      <size>20</size>
    </font>
    <font>
      <name>font_tiny_match</name>
      <filename>diynez-thai.ttf</filename>
      <size>20</size>
      <style>bold</style>
    </font>
    <!-- Small Fonts -->
    <font>
      <name>font_small_pvr_channels</name>
      <filename>diynez-thai.ttf</filename>
      <size>23</size>
    </font>
    <font>
      <name>font_small_notify_main_bold</name>
      <filename>diynez-thai.ttf</filename>
      <size>23</size>
      <style>bold</style>
      <linespacing>0.8</linespacing>
    </font>
    <font>
      <name>font_small_defaults</name>
      <filename>diynez-thai.ttf</filename>
      <size>25</size>
    </font>
    <font>
      <name>font12</name>
      <filename>diynez-thai.ttf</filename>
      <size>25</size>
    </font>
    <font>
      <name>font_small_header</name>
      <filename>diynez-thai.ttf</filename>
      <size>25</size>
      <style>uppercase bold</style>
    </font>
    <font>
      <name>font27</name>
      <filename>diynez-thai.ttf</filename>
      <size>27</size>
    </font>
    <font>
      <name>font27_narrow</name>
      <filename>diynez-thai.ttf</filename>
      <size>27</size>
      <linespacing>0.8</linespacing>
    </font>
    <font>
      <name>font27_bold</name>
      <filename>diynez-thai.ttf</filename>
      <size>27</size>
      <linespacing>0.8</linespacing>
    </font>
    <font>
      <name>font_small_pvr_title</name>
      <filename>diynez-thai.ttf</filename>
      <size>30</size>
    </font>
    <!-- Normal Fonts -->
    <font>
      <name>font14</name>
      <filename>diynez-thai.ttf</filename>
      <size>33</size>
    </font>
    <font>
      <name>font32</name>
      <filename>diynez-thai.ttf</filename>
      <size>32</size>
    </font>
    <font>
      <name>font32_bold</name>
      <filename>diynez-thai.ttf</filename>
      <size>32</size>
    </font>
    <font>
      <name>font37</name>
      <filename>diynez-thai.ttf</filename>
      <size>37</size>
    </font>
    <font>
      <name>font45</name>
      <filename>diynez-thai.ttf</filename>
      <size>45</size>
    </font>
    <!-- Big Fonts -->
    <font>
      <name>font_pvr_clock</name>
      <filename>diynez-thai.ttf</filename>
      <size>59</size>
    </font>
    <font>
      <name>font60</name>
      <filename>diynez-thai.ttf</filename>
      <size>60</size>
      <style>lighten</style>
    </font>
    <font>
      <name>font_clock</name>
      <filename>diynez-thai.ttf</filename>
      <size>40</size>
      <style>lighten</style>
    </font>
    <font>
      <name>WeatherTemp</name>
      <aspect>0.85</aspect>
      <filename>diynez-thai.ttf</filename>
      <size>120</size>
      <style>bold</style>
    </font>
    <!-- Menu Fonts -->
    <font>
      <name>font_menu</name>
      <filename>diynez-thai.ttf</filename>
      <size>30</size>
    </font>
    <font>
      <name>font_menu_focus</name>
      <filename>diynez-thai.ttf</filename>
      <size>30</size>
    </font>
    <!-- Title Fonts -->
    <font>
      <name>font_flag</name>
      <filename>diynez-thai.ttf</filename>
      <size>18</size>
      <style>bold</style>
    </font>
    <font>
      <name>font20_title</name>
      <filename>diynez-thai.ttf</filename>
      <size>20</size>
      <style>bold</style>
    </font>
    <font>
      <name>font25_title</name>
      <filename>diynez-thai.ttf</filename>
      <size>25</size>
      <style>bold</style>
    </font>
    <font>
      <name>font30_title</name>
      <filename>diynez-thai.ttf</filename>
      <size>30</size>
      <style>bold</style>
    </font>
    <font>
      <name>font32_title</name>
      <filename>diynez-thai.ttf</filename>
      <size>32</size>
      <style>bold</style>
    </font>
    <font>
      <name>font36_title</name>
      <filename>diynez-thai.ttf</filename>
      <size>36</size>
      <style>bold</style>
    </font>
    <font>
      <name>font45_title</name>
      <filename>diynez-thai.ttf</filename>
      <size>45</size>
      <style>bold</style>
    </font>
    <font>
      <name>font52_title</name>
      <filename>diynez-thai.ttf</filename>
      <size>52</size>
      <style>bold</style>
    </font>
    <font>
      <name>font_title</name>
      <filename>diynez-thai.ttf</filename>
      <size>45</size>
    </font>
  </fontset>
</fonts>
