<?xml version="1.0" encoding="UTF-8"?>
<addon id="skin.blue.twilight" version="1.2.2" name="Blue Twilight" provider-name="heppen-dev">
  <requires>
    <import addon="xbmc.gui" version="5.15.0"/>
    <import addon="script.skinshortcuts" version="1.1.5"/>
    <import addon="plugin.video.themoviedb.helper" version="4.3.0"/>
    <import addon="script.artistslideshow" version="3.3.2"/>
    <import addon="script.toolbox" version="1.1.2"/>
    <import addon="resource.images.studios.white" version="0.0.28"/>
    <import addon="resource.images.weathericons.white" version="0.0.6"/>
    <import addon="resource.language.th_th" version="9.0.22"/>
  </requires>
  <extension point="xbmc.gui.skin" debugging="false">
    <res width="1920" height="1080" aspect="16:9" default="true" folder="xml"/>
  </extension>
  <extension point="xbmc.addon.metadata">
    <news>Added floating setting button in video osd[CR]Added TopBar to home screen and movies hub[CR]Removed 19055 label from list view[CR]Changes to background overlay[CR]Fixed background overlay condition[CR]Fixed movies hub busy spinner[CR]Fixed searchlist visible condition when widgets are loading[CR]Fixed background in infodialog[CR]Fixed white poster highlight for landscape[CR]Reduced clearlogo height in Object_Item_Showcase[CR]Fixed white landscape highlight condition</news>
    <summary lang="en_GB">Simple. Lightweight. Elegant. That's all you need to enjoy Kodi.</summary>
    <summary lang="pl_PL">Prosto. Lekko. Elegancko. To wszystko czego potrzebujesz do rozrywki z Kodi.</summary>
    <description lang="en_GB">The skin is designed to allow the user to focus on media consumption. It provides many innovative solutions that every movie lover will appreciate.</description>
    <description lang="pl_PL">Skórka została zaprojektowana, aby użytkownik mógł skupić się na konsumpcji mediów. Udostępnia wiele innowacyjnych rozwiązań, które doceni każdy kinoman.</description>
    <platform>all</platform>
    <license>Creative Commons Attribution Non-Commercial Share-Alike 4.0</license>
    <forum />
    <source>https://github.com/heppen-dev/skin.blue.twilight</source>
    <assets>
      <icon>resources/icon.png</icon>
      <fanart>resources/fanart.jpg</fanart>
      <screenshot>resources/screenshot-01.jpg</screenshot>
      <screenshot>resources/screenshot-02.jpg</screenshot>
      <screenshot>resources/screenshot-03.jpg</screenshot>
      <screenshot>resources/screenshot-04.jpg</screenshot>
      <screenshot>resources/screenshot-05.jpg</screenshot>
    </assets>
  </extension>
</addon>
