<?xml version="1.0" encoding="UTF-8"?>
<window>
    <defaultcontrol always="true">9000</defaultcontrol>
    <controls>
        <include content="Object_ShadowSpot_Group">
            <param name="width" value="1500" />
            <param name="height" value="450" />
            <visible>!VideoPlayer.Content(livetv)</visible>
            <include content="Object_ShadowSpot_Grouplist">
                <include content="Object_ShadowSpot_Label">
                    <param name="label" value="Player Process Info" />
                    <param name="font" value="font_tiny_title_uppercase" />
                    <param name="textcolor" value="fff39c12" />
                    <param name="height" value="40" />
                    <param name="top" value="0" />
                </include>
                <include content="Object_ShadowSpot_Label">
                    <param name="label" value="[COLOR fff39c12]$LOCALIZE[31139]:[/COLOR] $INFO[Player.Process(videodecoder)]$VAR[VideoHWDecoder, (,)]" />
                </include>
                <include content="Object_ShadowSpot_Label">
                    <param name="label" value="$INFO[Player.Process(pixformat),[COLOR fff39c12]Pixel Format:[/COLOR] ]" />
                </include>
                <include content="Object_ShadowSpot_Label">
                    <param name="label" value="$INFO[Player.Process(deintmethod),[COLOR fff39c12]$LOCALIZE[16038]:[/COLOR] ]" />
                </include>
                <include content="Object_ShadowSpot_Label">
                    <param name="label" value="$INFO[Player.Process(videowidth),[COLOR fff39c12]$LOCALIZE[38031]:[/COLOR] ,x]$INFO[Player.Process(videoheight),, px]$INFO[Player.Process(videodar),$COMMA , AR]$INFO[Player.Process(videofps),$COMMA , FPS]" />
                </include>
                <include content="Object_ShadowSpot_Label">
                    <param name="label" value="[COLOR fff39c12]$LOCALIZE[460]:[/COLOR] $INFO[Player.Process(audiochannels),,$COMMA ]$INFO[Player.Process(audiodecoder)]$INFO[Player.Process(audiobitspersample),$COMMA , bits]$INFO[Player.Process(audiosamplerate),$COMMA , Hz]" />
                </include>
                <include content="Object_ShadowSpot_Label">
                    <param name="label" value="[COLOR fff39c12]$LOCALIZE[31030]:[/COLOR] $INFO[System.Memory(used.percent),,       ][COLOR fff39c12]$LOCALIZE[13271][/COLOR] $INFO[System.CPUUsage]" />
                    <param name="visible" value="System.SupportsCPUUsage"/>
                    <param name="width" value="1600"/>
                </include>
                <include content="Object_ShadowSpot_Label">
                    <param name="label" value="[COLOR fff39c12]$LOCALIZE[31030]:[/COLOR] $INFO[System.Memory(used.percent),,]" />
                    <param name="visible" value="!System.SupportsCPUUsage"/>
                    <param name="width" value="1600"/>
                </include>
            </include>
        </include>
        <include content="Object_ShadowSpot_Group">
            <param name="width" value="1500" />
            <param name="height" value="450" />
            <param name="left" value="1300" />
            <visible>!VideoPlayer.Content(livetv)</visible>
            <visible>System.HasAddon(service.coreelec.settings)</visible>
            <include content="Object_ShadowSpot_Grouplist">
                <include content="Object_ShadowSpot_Label">
                    <param name="label" value="" />
                    <param name="font" value="font_tiny_title_uppercase" />
                    <param name="textcolor" value="fff39c12" />
                    <param name="height" value="40" />
                    <param name="top" value="0" />
                </include>
                <include content="Object_ShadowSpot_Label">
                    <param name="label" value="$INFO[Player.Process(amlogic.displaymode),[COLOR fff39c12]Display mode: [/COLOR] ] " />
                </include>
                <include content="Object_ShadowSpot_Label">
                    <param name="label" value="$INFO[Player.Process(amlogic.eoft_gamut),[COLOR fff39c12]Eotf&Gamut: [/COLOR] ]" />
                </include>
                <include content="Object_ShadowSpot_Label">
                    <param name="label" value="$INFO[Player.Process(amlogic.pixformat),[COLOR fff39c12]Colour Depth: [/COLOR] ]" />
                </include>
                <include content="Object_ShadowSpot_Label">
                    <param name="label" value="[COLOR fff39c12]Soc Temp: [/COLOR] $INFO[System.CPUTemperature]" />
                </include>
                <include content="Object_ShadowSpot_Label">
                    <param name="label" value="[COLOR fff39c12]CPU Frequency: [/COLOR] $INFO[System.CpuFrequency]" />
                </include>
                  <include content="Object_ShadowSpot_Label">
                    <param name="label" value="[COLOR fff39c12]System FPS: [/COLOR] $INFO[System.FPS] FPS" />
                </include>
            </include>
        </include>
        <include content="Object_ShadowSpot_Group">
            <param name="width" value="1500" />
            <param name="height" value="1080" />
            <visible>VideoPlayer.Content(livetv)</visible>
            <include content="Object_ShadowSpot_Grouplist">
                <include content="Object_ShadowSpot_Label">
                    <param name="label" value="Player Process Info" />
                    <param name="font" value="font_tiny_title_uppercase" />
                    <param name="textcolor" value="fff39c12" />
                    <param name="height" value="40" />
                    <param name="top" value="0" />
                </include>
                <include content="Object_ShadowSpot_Label">
                    <param name="label" value="[COLOR fff39c12]$LOCALIZE[31139]:[/COLOR] $INFO[Player.Process(videodecoder)]$VAR[VideoHWDecoder, (,)]" />
                </include>
                <include content="Object_ShadowSpot_Label">
                    <param name="label" value="$INFO[Player.Process(pixformat),[COLOR fff39c12]Pixel Format:[/COLOR] ]" />
                </include>
                <include content="Object_ShadowSpot_Label">
                    <param name="label" value="$INFO[Player.Process(deintmethod),[COLOR fff39c12]$LOCALIZE[16038]:[/COLOR] ]" />
                </include>
                <include content="Object_ShadowSpot_Label">
                    <param name="label" value="$INFO[Player.Process(videowidth),[COLOR fff39c12]$LOCALIZE[38031]:[/COLOR] ,x]$INFO[Player.Process(videoheight),, px]$INFO[Player.Process(videodar),$COMMA , AR]$INFO[Player.Process(videofps),$COMMA , FPS]" />
                </include>
                <include content="Object_ShadowSpot_Label">
                    <param name="label" value="[COLOR fff39c12]$LOCALIZE[460]:[/COLOR] $INFO[Player.Process(audiochannels),,$COMMA ]$INFO[Player.Process(audiodecoder)]$INFO[Player.Process(audiobitspersample),$COMMA , bits]$INFO[Player.Process(audiosamplerate),$COMMA , Hz]" />
                </include>
                <include content="Object_ShadowSpot_Label">
                    <param name="label" value="PVR Stream" />
                    <param name="font" value="font_tiny_title_uppercase" />
                    <param name="textcolor" value="fff39c12" />
                    <param name="height" value="40" />
                    <param name="top" value="50" />
                </include>
                <include content="Object_ShadowSpot_Label">
                    <param name="label" value="[COLOR fff39c12]$LOCALIZE[31030]:[/COLOR] $INFO[System.Memory(used.percent),,       ][COLOR fff39c12]$LOCALIZE[13271][/COLOR] $INFO[System.CPUUsage]" />
                    <param name="visible" value="System.SupportsCPUUsage"/>
                </include>
                <include content="Object_ShadowSpot_Label">
                    <param name="label" value="[COLOR fff39c12]$LOCALIZE[31030]:[/COLOR] $INFO[System.Memory(used.percent),,]" />
                    <param name="visible" value="!System.SupportsCPUUsage"/>
                </include>
                <include content="Object_ShadowSpot_Label">
                    <param name="label" value="$INFO[PVR.ActStreamServiceName,[COLOR fff39c12]$LOCALIZE[19099]:[/COLOR] ]" />
                </include>
                <include content="Object_ShadowSpot_Label">
                    <param name="label" value="$INFO[PVR.ActStreamProviderName,[COLOR fff39c12]$LOCALIZE[19101]:[/COLOR] ]" />
                </include>
                <include content="Object_ShadowSpot_Label">
                    <param name="label" value="$INFO[PVR.ActStreamClient,[COLOR fff39c12]$LOCALIZE[19012]:[/COLOR] ]" />
                </include>
                <include content="Object_ShadowSpot_Label">
                    <param name="label" value="$INFO[PVR.ActStreamDevice,[COLOR fff39c12]$LOCALIZE[19006]:[/COLOR] ]" />
                </include>
                <include content="Object_ShadowSpot_Label">
                    <param name="label" value="$INFO[PVR.ActStreamStatus,[COLOR fff39c12]$LOCALIZE[19007]:[/COLOR] ]" />
                </include>
                <include content="Object_ShadowSpot_Label">
                    <param name="label" value="$INFO[PVR.ActStreamEncryptionName,[COLOR fff39c12]$LOCALIZE[19015]:[/COLOR] ]" />
                </include>
                <include content="Object_ShadowSpot_Label">
                    <param name="label" value="$INFO[PVR.ActStreamBer,[COLOR fff39c12]$LOCALIZE[19010]:[/COLOR] ]" />
                </include>
                <include content="Object_ShadowSpot_Label">
                    <param name="label" value="$INFO[PVR.ActStreamUnc,[COLOR fff39c12]$LOCALIZE[19011]:[/COLOR] ]" />
                </include>
                <include content="Object_ShadowSpot_Label">
                    <param name="label" value="$INFO[PVR.ActStreamMux,[COLOR fff39c12]$LOCALIZE[19100]:[/COLOR] ]" />
                </include>
                <include content="Object_ShadowSpot_Label">
                    <param name="top" value="30" />
                    <param name="label" value="$INFO[PVR.ActStreamSignal,[COLOR fff39c12]$LOCALIZE[19008]:[/COLOR] ]" />
                </include>
                <control type="group">
                    <height>40</height>
                    <control type="progress">
                        <top>5</top>
                        <width>528</width>
                        <height>10</height>
                        <info>PVR.ActStreamProgrSignal</info>
                    </control>
                </control>
                <include content="Object_ShadowSpot_Label">
                    <param name="top" value="15" />
                    <param name="label" value="$INFO[PVR.ActStreamSNR,[COLOR fff39c12]$LOCALIZE[19009]:[/COLOR] ]" />
                </include>
                <control type="group">
                    <height>40</height>
                    <control type="progress">
                        <top>5</top>
                        <width>528</width>
                        <height>10</height>
                        <info>PVR.ActStreamProgrSNR</info>
                    </control>
                </control>
            </include>
        </include>
        <control type="group">
            <include>Animation_DialogPopupVisible</include>
            <top>0</top>
            <width>1920</width>
            <height>420</height>
            <control type="button" id="9000">
                <visible allowhiddenfocus="true">false</visible>
                <onclick>Close</onclick>
                <onleft>Close</onleft>
                <onright>Close</onright>
                <onup>Close</onup>
                <ondown>Close</ondown>
            </control>
        </control>
    </controls>
</window>