<?xml version="1.0" encoding="UTF-8"?>
<window>
  <defaultcontrol always="true">50</defaultcontrol>
  <backgroundcolor>Background</backgroundcolor>
  <views>50,55,511,510,51,52,53,54,56,57,500,505,501,502</views>
  <menucontrol>9000</menucontrol>
  <controls>
    <include>DefaultBackground</include>
    <control type="group">
      <animation effect="fade" start="100" end="0" time="200" tween="sine" condition="$EXP[infodialog_active]">Conditional</animation>
      <include>View_50_List</include>
      <include>View_55_WideList</include>
      <include>View_511_MediaInfo</include>
      <include>View_510_Flix</include>
      <include>View_51_Poster</include>
      <include>View_52_IconWall</include>
      <include>View_53_Shift</include>
      <include>View_54_InfoWall</include>
      <include>View_56_Posters</include>
      <include>View_57_kFanart</include>
      <include>View_500_Wall</include>
      <include>View_505_Wall</include>
      <include>View_501_Banner</include>
      <include>View_502_FanArt</include>
      <control type="group">
        <depth>DepthContentPanel</depth>
        <include>OpenClose_Bottom</include>
        <visible>Control.IsVisible(55)</visible>
        <include>Visible_Left</include>
        <include content="ListThumbInfoPanel">
          <param name="top" value="135"/>
        </include>
      </control>
      <control type="group">
        <depth>DepthContentPanel</depth>
        <include>OpenClose_Bottom</include>
        <visible>Control.Isvisible(54) | [Control.IsVisible(501) + String.IsEqual(Skin.AspectRatio,21:9)]</visible>
        <include>Visible_Left</include>
        <include content="ContentPanel">
          <param name="width" value="656"/>
        </include>
        <control type="group">
          <width>550</width>
          <control type="textbox">
            <top>120</top>
            <left>30</left>
            <width>550</width>
            <aligny>center</aligny>
            <height>110</height>
            <font>font36_title</font>
            <label>$INFO[ListItem.Label]</label>
          </control>
          <control type="textbox">
            <left>30</left>
            <top>240</top>
            <width>525</width>
            <bottom>100</bottom>
            <visible>![ListItem.IsCollection + String.IsEmpty(ListItem.Plot)]</visible>
            <label>$INFO[ListItem.Tagline,[I],[/I][CR][CR]]$INFO[ListItem.Plot][CR][CR]</label>
            <autoscroll delay="5000" time="5000" repeat="10000">!Skin.HasSetting(autoscroll)</autoscroll>
          </control>
          <control type="textbox">
            <left>30</left>
            <top>360</top>
            <width>530</width>
            <height>413</height>
            <align>center</align>
            <aligny>center</aligny>
            <font>font27</font>
            <textcolor>80FFFFFF</textcolor>
            <label>$LOCALIZE[19055]</label>
            <visible>String.IsEmpty(Listitem.Plot) + String.IsEmpty(Listitem.Tagline) + !ListItem.IsCollection + !ListItem.IsParentFolder</visible>
          </control>
          <control type="group">
            <left>20</left>
            <top>245</top>
            <visible>ListItem.IsCollection + String.IsEmpty(ListItem.Plot)</visible>
            <include content="InfoList">
              <param name="bottom" value="108"/>
              <param name="width" value="540"/>
              <param name="sortby" value="year"/>
              <param name="sortorder" value="ascending"/>
              <param name="font" value="font13"/>
            </include>
          </control>
        </control>
      </control>
      <control type="group">
        <include content="TopBar">
          <param name="breadcrumbs_label" value="$VAR[BreadcrumbsVideoVar]"/>
          <param name="topbar_visible" value="Control.HasFocus(50) | [Control.HasFocus(51) + Skin.HasSetting(DisableClearlogo)] | Control.HasFocus(55) | [Control.HasFocus(510) + Skin.HasSetting(DisableClearlogo)] | Control.HasFocus(53) | Control.HasFocus(511) | Control.HasFocus(505)" />
        </include>
      </control>
      <include>MediaMenuMouseOverlay</include>
      <control type="group">
        <include content="MediaMenuCommon">
          <param name="visible">$EXP[MediaMenu]</param>
          <param name="onleft">50</param>
          <param name="onright">50</param>
          <param name="onback">50</param>
        </include>
      </control>
    </control>
    <include>Defs_MediaMenuCommon</include>
    <control type="button" id="8">
      <label>$LOCALIZE[137]</label>
      <include>HiddenObject</include>
    </control>
    <control type="togglebutton" id="14">
      <label>$LOCALIZE[20367]: $LOCALIZE[16039]</label>
      <altlabel>$LOCALIZE[20367]: $LOCALIZE[16041]</altlabel>
      <usealttexture>System.Setting(hidewatched)</usealttexture>
      <description>Watched Unwatched</description>
      <include>HiddenObject</include>
    </control>
    <control type="radiobutton" id="19">
      <description>Filter</description>
      <include>HiddenObject</include>
    </control>
    <control type="button" id="20">
      <description>Update Library</description>
      <label>653</label>
      <include>HiddenObject</include>
    </control>
  </controls>
</window>
