<?xml version="1.0" encoding="UTF-8"?>
<window>
  <defaultcontrol>9000</defaultcontrol>
  <backgroundcolor>Background</backgroundcolor>
  <onunload>ClearProperty(TMDbHelper.WidgetContainer,home)</onunload>
  <onload>RunScript(script.skinshortcuts,type=buildxml&amp;mainmenuID=9000&amp;levels=1&amp;group=mainmenu|widgets|globalhub|shutdown|searchmenu)</onload>
  <onload>SetProperty(TMDbHelper.Blur.Fallback,special://skin/media/common/background.jpg,Home)</onload>
  <onload>SetProperty(TMDbHelper.Blur.SourceImage,fanart,Home)</onload>
  <!-- set default selection box -->
  <onload condition="String.IsEmpty(Skin.String(HighlightSize))">Skin.SetString(HighlightSize,Bold)</onload>
  <onload condition="String.IsEmpty(Skin.String(PosterHighlight))">Skin.SetString(PosterHighlight,Highlight)</onload>
  <!-- set colourful rating icons as default -->
  <onload condition="String.IsEmpty(Skin.String(Icons))">Skin.SetString(Icons,colorful)</onload>
  <onload condition="String.IsEmpty(Skin.String(Icons))">Skin.SetString(icons.label, $LOCALIZE[31295])</onload>
  <!-- load default values for overlay playground -->
  <onload condition="String.IsEmpty(Skin.String(HomeAlphaValue))">Skin.SetString(HomeAlphaValue,15)</onload>
  <onload condition="String.IsEmpty(Skin.String(AlphaValue))">Skin.SetString(AlphaValue,15)</onload>
  <onload condition="String.IsEmpty(Skin.String(DialogAlphaValue))">Skin.SetString(DialogAlphaValue,0)</onload>
  <onload condition="String.IsEmpty(Skin.String(TMDbHelper.Colors.Luminance))">Skin.SetString(TMDbHelper.Colors.Luminance,0.75)</onload>
  <onload condition="String.IsEmpty(Skin.String(TMDbHelper.Colors.Saturation))">Skin.SetString(TMDbHelper.Colors.Saturation,0.75)</onload>
  <!--  enable blur on start-->
  <onload condition="Skin.HasSetting(DisableBlur)">Skin.Reset(TMDbHelper.EnableBlur)</onload>
  <onload condition="!Skin.HasSetting(DisableBlur)">Skin.SetBool(TMDbHelper.EnableBlur)</onload>
  <controls>
    <include>DefaultBackground</include>
    <control type="group">
      <include>Visible_Fade</include>
      <include condition="!Skin.HasSetting(HubFirst)">BlueTwilight_Main</include>
      <include condition="Skin.HasSetting(HubFirst)">MoviesHub_Main</include>
    </control>
  </controls>
</window>
