<?xml version="1.0" encoding="UTF-8"?>
<includes>
  <include name="BlueTwilight_Main">
    <control type="group">
      <visible>!$EXP[infodialog_active]</visible>
      <include>Animation_TopSlide_Home</include>
      <control type="image">
        <top>0</top>
        <height>95</height>
        <width>1040</width>
        <centerleft>50%</centerleft>
        <texture colordiffuse="00ffffff" border="22">common/box.png</texture>
        <bordertexture border="72" colordiffuse="AltPosterBack">common/dark-shadow-24-2.png</bordertexture>
        <animation effect="slide" time="200" start="0" end="0,-400" reversible="true" condition="[ControlGroup(3000).HasFocus | $EXP[FirstExpose] | $EXP[SecondExpose] | String.IsEqual(Window(home).Property(activateSpotlight),true)] + !String.StartsWith(ListItem.FolderPath,favourites://)">Conditional</animation>
      </control>
      <control type="group" id="5610">
        <top>25</top>
        <height>95</height>
        <width>970</width>
        <centerleft>50%</centerleft>
        <control type="list" id="9000">
          <width>940</width>
          <height>100</height>
          <top>3</top>
          <left>7</left>
          <onup>9001</onup>
          <ondown>2999</ondown>
          <orientation>horizontal</orientation>
          <animation effect="slide" time="200" start="0" end="0,-120" reversible="true" condition="Control.HasFocus(9001)">Conditional</animation>
          <animation effect="slide" start="0,0" end="360,0" time="0" condition="Integer.IsEqual(Container(9000).NumItems,1)">conditional</animation>
          <animation effect="slide" start="0,0" end="310,0" time="0" condition="Integer.IsEqual(Container(9000).NumItems,2)">conditional</animation>
          <animation effect="slide" start="0,0" end="260,0" time="0" condition="Integer.IsEqual(Container(9000).NumItems,3)">conditional</animation>
          <animation effect="slide" start="0,0" end="210,0" time="0" condition="Integer.IsEqual(Container(9000).NumItems,4)">conditional</animation>
          <animation effect="slide" start="0,0" end="160,0" time="0" condition="Integer.IsEqual(Container(9000).NumItems,5)">conditional</animation>
          <animation effect="slide" start="0,0" end="110,0" time="0" condition="Integer.IsEqual(Container(9000).NumItems,6)">conditional</animation>
          <animation effect="slide" start="0,0" end="60,0" time="0" condition="Integer.IsEqual(Container(9000).NumItems,7)">conditional</animation>
          <animation effect="slide" start="0,0" end="10" time="0" condition="Integer.IsGreater(Container(9000).NumItems,7)">conditional</animation>
          <focusedlayout height="95" width="240">
            <control type="group">
              <control type="image">
                <left>0</left>
                <top>13</top>
                <height>64</height>
                <width>240</width>
                <texture colordiffuse="dialog_fg_30" border="22">common/box.png</texture>
              </control>
              <control type="image">
                <left>0</left>
                <top>13</top>
                <height>64</height>
                <width>64</width>
                <texture colordiffuse="ffffffff">$INFO[ListItem.Icon]</texture>
              </control>
              <control type="label">
                <left>60</left>
                <top>0</top>
                <width>140</width>
                <height>95</height>
                <scroll>true</scroll>
                <aligny>center</aligny>
                <align>center</align>
                <font>font_menu</font>
                <textcolor>ffffffff</textcolor>
                <label>$INFO[ListItem.Label]</label>
              </control>
            </control>
          </focusedlayout>
          <itemlayout height="95" width="100">
            <control type="image">
                <left>0</left>
                <top>13</top>
                <height>64</height>
                <width>64</width>
                <texture colordiffuse="dialog_fg_30">$INFO[ListItem.Icon]</texture>
              </control>
          </itemlayout>
          <content>
            <include>skinshortcuts-mainmenu</include>
          </content>
        </control>
        <control type="list" id="9001">
          <width>920</width>
          <height>100</height>
          <top>3</top>
          <left>7</left>
          <ondown>9000</ondown>
          <orientation>horizontal</orientation>
          <animation effect="slide" time="200" start="0" end="0,-100" reversible="true" condition="!Control.HasFocus(9001)">Conditional</animation>
          <focusedlayout height="95" width="240">
            <control type="group">
              <control type="image">
                <left>0</left>
                <top>13</top>
                <height>64</height>
                <width>240</width>
                <texture colordiffuse="dialog_fg_30" border="22">common/box.png</texture>
                <visible>Control.HasFocus(9001)</visible>
              </control>
              <control type="image">
                <left>0</left>
                <top>13</top>
                <height>64</height>
                <width>64</width>
                <texture colordiffuse="ffffffff">$INFO[ListItem.Icon]</texture>
                <visible>Control.HasFocus(9001)</visible>
              </control>
              <control type="label">
                <left>60</left>
                <top>0</top>
                <width>140</width>
                <scroll>true</scroll>
                <aligny>center</aligny>
                <align>center</align>
                <font>font_menu</font>
                <textcolor>ffffffff</textcolor>
                <label>$INFO[ListItem.Label]</label>
              </control>
            </control>
          </focusedlayout>
          <itemlayout height="95" width="100">
            <control type="image">
                <left>0</left>
                <top>13</top>
                <height>64</height>
                <width>64</width>
                <texture colordiffuse="dialog_fg_30">$INFO[ListItem.Icon]</texture>
                <visible>Control.HasFocus(9001)</visible>
              </control>
          </itemlayout>
          <content>
            <include>skinshortcuts-submenu</include>
          </content>
        </control>
        <animation effect="slide" time="200" start="0" end="0,-400" reversible="true" condition="[ControlGroup(3000).HasFocus | $EXP[FirstExpose] | $EXP[SecondExpose] | String.IsEqual(Window(home).Property(activateSpotlight),true)] + !String.StartsWith(ListItem.FolderPath,favourites://)">Conditional</animation>
      </control>
      <control type="group">
        <control type="grouplist" id="2999">
          <onup>9000</onup>
          <ondown>3000</ondown>
          <top>160</top>
          <left>-700</left>
          <height>300</height>
          <include>skinshortcuts-template-localWidget</include>
          <animation effect="slide" time="200" start="0" end="0,-600" reversible="true" condition="[ControlGroup(3000).HasFocus | $EXP[FirstExpose] | $EXP[SecondExpose] | String.IsEqual(Window(home).Property(activateSpotlight),true)] + !String.StartsWith(ListItem.FolderPath,favourites://)">Conditional</animation>
        </control>
        <control type="grouplist" id="3000">
          <top>480</top>
          <left>160</left>
          <height>580</height>
          <width>1920</width>
          <onup>2999</onup>
          <scrolltime>100</scrolltime>
          <itemgap>5</itemgap>
          <include>skinshortcuts-template-widgetsWall</include>
          <animation effect="slide" time="200" start="0" end="0,740" reversible="true" condition="$EXP[FirstExpose] | $EXP[SecondExpose]">Conditional</animation>
        </control>
        <include content="LeftRightArrowsHome">
          <param name="altid" value="3005" />
          <param name="left_posx" value="60"/>
          <param name="right_posx" value="1800"/>
          <param name="posy" value="750"/>
          <param name="visible" value="Window.IsVisible(home) + !$EXP[FirstExpose] + !$EXP[SecondExpose]"/>
        </include>
      </control>
      <control type="group">
        <top>-50</top>
        <left>70</left>
        <include content="Object_Item_Showcase">
          <param name="title" value="$VAR[Label_Title]"/>
          <param name="title_width" value="1000" />
          <param name="clearlogo_top_margin" value="200"/>
          <param name="plot" value="$VAR[Label_PlotTextBoxVar]"/>
          <param name="plot_height" value="95"/>
          <param name="visible" value="ControlGroup(3000).HasFocus + !String.StartsWith(ListItem.FolderPath,favourites://)"/>
        </include>
        <animation effect="fade" time="200" start="0" end="100" condition="ControlGroup(3000).HasFocus + !ControlGroup(2999).HasFocus">Conditional</animation>
        <animation effect="fade" time="200" end="0" start="100" condition="$EXP[FirstExpose] | $EXP[SecondExpose]">Conditional</animation>
      </control>
    </control>
  </include>
</includes>
