<?xml version="1.0" encoding="UTF-8"?>
<window>
  <defaultcontrol always="true">300</defaultcontrol>
  <backgroundcolor>Background</backgroundcolor>
  <include>Defs_Settings_OnLoad</include>
  <controls>
    <include content="DialogBackgroundCommonsBlur">
      <param name="width" value="1920"/>
      <param name="height" value="1080"/>
      <param name="header_label" value=""/>
      <param name="header_id" value=""/>
      <param name="closebutton_visible" value="false"/>
    </include>
    <control type="group">
      <width>1920</width>
      <height>1080</height>
      <centertop>50%</centertop>
      <centerleft>50%</centerleft>
      <control type="image">
        <top>130</top>
        <left>448</left>
        <width>1</width>
        <height>810</height>
        <texture colordiffuse="dialog_fg_12">common/white.png</texture>
      </control>
      <control type="image">
        <left>0</left>
        <top>0</top>
        <height>95</height>
        <texture colordiffuse="dialog_bg_30">common/white.png</texture>
      </control>
      <control type="image">
        <left>0</left>
        <top>95</top>
        <height>1</height>
        <texture colordiffuse="main_fg_30">common/white.png</texture>
      </control>
      <control type="image">
        <left>0</left>
        <bottom>0</bottom>
        <height>95</height>
        <texture colordiffuse="dialog_bg_30">common/white.png</texture>
      </control>
      <control type="image">
        <left>0</left>
        <bottom>95</bottom>
        <height>1</height>
        <texture colordiffuse="main_fg_30">common/white.png</texture>
      </control>
      <control type="group" id="9100">
        <left>472</left>
        <control type="panel" id="2">
          <top>148</top>
          <left>30</left>
          <visible>Container(9000).Hasfocus(2)</visible>
          <right>0</right>
          <bottom>137</bottom>
          <onleft>9000</onleft>
          <onright>9000</onright>
          <onup>2</onup>
          <ondown>2</ondown>
          <scrolltime>200</scrolltime>
          <itemlayout height="390" width="354">
            <control type="image">
              <top>5</top>
              <width>320</width>
              <height>380</height>
              <texture>dialogs/dialog-bg-nobo.png</texture>
              <bordertexture border="21">overlays/shadow.png</bordertexture>
              <bordersize>20</bordersize>
            </control>
            <control type="image">
              <left>51</left>
              <top>38</top>
              <width>215</width>
              <height>215</height>
              <aspectratio>scale</aspectratio>
              <texture fallback="DefaultUser.png">$INFO[Listitem.Icon]</texture>
            </control>
            <control type="label">
              <left>10</left>
              <top>255</top>
              <width>305</width>
              <height>100</height>
              <align>center</align>
              <aligny>top</aligny>
              <label>$INFO[ListItem.Label]</label>
            </control>
            <control type="label">
              <left>10</left>
              <top>290</top>
              <width>305</width>
              <height>100</height>
              <font>font_tiny10</font>
              <align>center</align>
              <aligny>top</aligny>
              <label>$LOCALIZE[31029]:</label>
              <visible>!String.IsEqual(Listitem.Label,$LOCALIZE[20058])</visible>
            </control>
            <control type="label">
              <left>10</left>
              <top>321</top>
              <width>305</width>
              <height>100</height>
              <font>font_tiny10</font>
              <align>center</align>
              <aligny>top</aligny>
              <label fallback="13170">$INFO[ListItem.Label2]</label>
              <visible>!String.Contains(Listitem.Label,$LOCALIZE[20058])</visible>
            </control>
          </itemlayout>
          <focusedlayout height="390" width="354">
            <control type="group">
              <control type="image">
                <top>5</top>
                <width>320</width>
                <height>380</height>
                <texture>dialogs/dialog-bg-nobo.png</texture>
                <bordertexture border="21">overlays/shadow.png</bordertexture>
                <bordersize>20</bordersize>
              </control>
              <control type="group">
                <left>20</left>
                <top>25</top>
                <width>280</width>
                <height>340</height>
                <bordersize>20</bordersize>
                <control type="image">
                  <texture colordiffuse="$VAR[ColorHighlight]" border="5">common/white.png</texture>
                </control>
                <control type="image">
                  <texture colordiffuse="$VAR[ColorGradient]" border="5">common/white-gradient.png</texture>
                </control>
              </control>
              <control type="image">
                <left>51</left>
                <top>38</top>
                <width>215</width>
                <height>215</height>
                <aspectratio>scale</aspectratio>
                <texture fallback="DefaultUser.png">$INFO[Listitem.Icon]</texture>
              </control>
              <control type="label">
                <left>10</left>
                <top>255</top>
                <width>305</width>
                <height>100</height>
                <align>center</align>
                <aligny>top</aligny>
                <label>$INFO[ListItem.Label]</label>
              </control>
              <control type="label">
                <left>10</left>
                <top>290</top>
                <width>305</width>
                <height>100</height>
                <font>font_tiny10</font>
                <align>center</align>
                <aligny>top</aligny>
                <label>$LOCALIZE[31029]:</label>
                <visible>!String.Contains(Listitem.Label,$LOCALIZE[20058])</visible>
              </control>
              <control type="label">
                <left>10</left>
                <top>321</top>
                <width>305</width>
                <height>100</height>
                <font>font_tiny10</font>
                <align>center</align>
                <aligny>top</aligny>
                <label fallback="13170">$INFO[ListItem.Label2]</label>
                <visible>!String.Contains(Listitem.Label,$LOCALIZE[20058])</visible>
              </control>
            </control>
          </focusedlayout>
        </control>
        <include content="DefaultAddonSettingButtonGradient">
          <param name="id" value="9001"/>
          <top>120</top>
          <height>75</height>
          <right>0</right>
          <visible>ControlGroup(9001).HasFocus()</visible>
        </include>
        <control type="grouplist" id="9001">
          <visible>Container(9000).Hasfocus(1)</visible>
          <right>0</right>
          <height>735</height>
          <top>120</top>
          <onright>9000</onright>
          <onup>300</onup>
          <onleft>9000</onleft>
          <ondown>9001</ondown>
          <include>Defs_Settings_OnUp</include>
          <control type="radiobutton" id="4">
            <label>$LOCALIZE[31057]</label>
            <include>DefaultSettingButton</include>
          </control>
          <control type="button" id="5">
            <label>$LOCALIZE[31058]</label>
            <label2>[B]$INFO[System.ProfileAutoLogin][/B]</label2>
            <include>DefaultSettingButton</include>
            <enable>!Window.IsVisible(ProfileSettings) + !System.HasLoginScreen</enable>
          </control>
        </control>
      </control>
      <control type="group">
        <control type="list" id="9000">
          <left>0</left>
          <top>120</top>
          <width>450</width>
          <height>825</height>
          <onup>300</onup>
          <onright>9100</onright>
          <scrolltime>300</scrolltime>
          <itemlayout height="75" width="450">
            <control type="label">
              <left>30</left>
              <right>30</right>
              <bottom>0</bottom>
              <label>$INFO[ListItem.Label]</label>
              <aligny>center</aligny>
            </control>
          </itemlayout>
          <focusedlayout height="75" width="450">
            <control type="group">
              <control type="image">
                <texture colordiffuse="$VAR[ColorHighlight]" border="10">common/box.png</texture>
              </control>
              <control type="image">
                <texture colordiffuse="$VAR[ColorGradient]" border="10">common/box-gradient.png</texture>
              </control>
            </control>
            <control type="label">
              <left>30</left>
              <right>30</right>
              <bottom>0</bottom>
              <label>$INFO[ListItem.Label]</label>
              <aligny>center</aligny>
            </control>
          </focusedlayout>
          <content>
            <item id="1">
              <label>$LOCALIZE[128]</label>
              <onclick>noop</onclick>
              <icon/>
            </item>
            <item id="2">
              <label>$LOCALIZE[13200]</label>
              <onclick>noop</onclick>
              <icon/>
            </item>
          </content>
        </control>
      </control>
      <include content="Defs_Settings_Changer">
        <ondown>9001</ondown>
      </include>
    </control>
  </controls>
</window>
