<?xml version="1.0" encoding="UTF-8"?>
<includes>
  <include name="View_510_Flix">
    <control type="group">
      <include>OpenClose_Bottom</include>
      <visible>Control.IsVisible(510)</visible>
      <include>Visible_Right</include>
      <control type="group" id="5600">
        <include content="Object_Item_Showcase">
          <param name="title" value="$INFO[ListItem.Label]"/>
          <param name="title_width" value="930"/>
          <param name="plot" value="$VAR[Label_PlotTextBoxVar]"/>
          <param name="plot_height" value="95"/>
          <param name="info_line_top" value="180"/>
          <param name="plot_top" value="350"/>
          <param name="visible" value="Control.HasFocus(510)" />
        </include>
        <visible>!$EXP[infodialog_active]</visible>
      </control>
      <control type="fixedlist" id="510">
        <top>610</top>
        <left>-120</left>
        <width>2400</width>
        <scrolltime tween="linear" easing="inout">400</scrolltime>
        <orientation>horizontal</orientation>
        <onleft>SetFocus(9000)</onleft>
        <onup>SetFocus(9000)</onup>
        <ondown>62</ondown>
        <pagecontrol>62</pagecontrol>
        <focusposition>1</focusposition>
        <visible>Container.Content(movies) | Container.Content(sets) | Container.Content(tvshows) | Container.Content(episodes) | Container.Content(videos)</visible>
        <animation effect="slide" time="0" start="0" end="-100,0" condition="true">Conditional</animation>
        <viewtype label="$LOCALIZE[31392]">icon</viewtype>
        <include content="View_Forced">
          <param name="string" value="$LOCALIZE[31392]"/>
        </include>
        <focusedlayout height="382.5" width="270" condition="Container.Content(movies) | Container.Content(sets) | Container.Content(tvshows) | Container.Content(episodes) | Container.Content(videos)">
          <control type="group">
            <include content="View_56_Posters_Layout">
              <param name="WallWatchedIconVar_visible" value="false"/>
            </include>
          </control>
        </focusedlayout>
        <itemlayout height="382.5" width="270" condition="Container.Content(movies) | Container.Content(sets) | Container.Content(tvshows) | Container.Content(episodes) | Container.Content(videos)">
          <control type="group">
            <include content="View_56_Posters_Layout">
              <param name="WallWatchedIconVar_visible" value="false"/>
            </include>
          </control>
        </itemlayout>
      </control>
      <control type="group">
        <top>610</top>
        <left>50</left>
        <width>270</width>
        <height>382.5</height>
        <control type="group">
          <top>-10</top>
          <left>25</left>
          <right>-25</right>
          <bottom>-30</bottom>
          <include content="Selectbox">
            <param name="visible" value="Control.HasFocus(510)"/>
          </include>
        </control>
        <include content="View_WatchedOverlay">
          <param name="bottom" value="-12"/>
          <param name="right" value="20"/>
          <param name="visible" value="Control.HasFocus(510)"/>
        </include>
      </control>
      <include content="Object_Scrollbar_Horz">
        <param name="visible" value="Control.IsVisible(510)" />
        <param name="bottom" value="20"/>
      </include>
    </control>
  </include>
</includes>
