<?xml version="1.0" encoding="UTF-8"?>
<includes>
  <include name="View_51_Poster">
    <control type="button" id="20000">
      <description>Dummy button to get animations right (hide focusedlayout on animations)</description>
      <include>HiddenObject</include>
      <animation effect="fade" delay="500" time="0" start="100" end="0">Visible</animation>
      <animation effect="fade" delay="500" time="0" start="100" end="0">WindowOpen</animation>
      <onclick>noop</onclick>
      <visible>Control.IsVisible(51)</visible>
    </control>
    <control type="group">
      <description>Poster Viewtype</description>
      <centertop>50%</centertop>
      <height>720</height>
      <control type="image">
        <left>-50%</left>
        <top>4</top>
        <width>200%</width>
        <height>410</height>
        <animation effect="fade" start="0" end="100" time="300">WindowOpen</animation>
        <animation effect="fade" start="100" end="0" time="300">WindowClose</animation>
        <animation effect="fade" time="200">VisibleChange</animation>
        <texture colordiffuse="AltPosterBack" border="5">common/box.png</texture>
        <visible>Control.IsVisible(51)</visible>
      </control>
      <control type="group">
        <visible>Control.IsVisible(51)</visible>
        <include>Visible_Right</include>
        <include>OpenClose_Bottom</include>
        <control type="fixedlist" id="51">
          <left>0</left>
          <top>0</top>
          <width>110%</width>
          <height>704</height>
          <focusposition>1</focusposition>
          <movement>0</movement>
          <pagecontrol>62</pagecontrol>
          <scrolltime tween="cubic" easing="out">500</scrolltime>
          <orientation>horizontal</orientation>
          <onleft>51</onleft>
          <ondown>62</ondown>
          <onup>SetFocus(9000)</onup>
          <onright>51</onright>
          <hitrect x="100" y="0" w="800" h="400"/>
          <visible>Container.Content(movies) | Container.Content(seasons) | Container.Content(sets) | Container.Content(tvshows) | Container.Content(games)</visible>
          <preloaditems>1</preloaditems>
          <viewtype label="20021">icon</viewtype>
          <include content="View_Forced">
            <param name="string" value="$LOCALIZE[20021]"/>
          </include>
          <itemlayout width="317">
            <control type="group">
              <left>-220</left>
              <top>18</top>
              <include>InfoWallMovieLayout</include>
            </control>
          </itemlayout>
          <focusedlayout width="490">
            <control type="group">
              <control type="group">
                <left>-220</left>
                <top>18</top>
                <visible>Container.OnScrollPrevious</visible>
                <visible>Control.IsVisible(20000)</visible>
                <animation effect="fade" time="200" start="100" end="0">Hidden</animation>
                <include>InfoWallMovieLayout</include>
              </control>
              <control type="group">
                <left>-40</left>
                <top>18</top>
                <visible>Container.OnScrollNext</visible>
                <visible>Control.IsVisible(20000)</visible>
                <animation effect="fade" time="200" start="100" end="0">Hidden</animation>
                <include>InfoWallMovieLayout</include>
              </control>
            </control>
          </focusedlayout>
        </control>
        <control type="group">
          <top>25</top>
          <control type="group">
            <left>635</left>
            <top>480</top>
            <height>245</height>
            <visible>ListItem.IsCollection + String.IsEmpty(ListItem.PlotOutline) + String.IsEmpty(ListItem.Plot)</visible>
            <include content="InfoList">
              <param name="bottom" value="0"/>
              <param name="sortby" value="year"/>
              <param name="sortorder" value="ascending"/>
              <param name="font" value="font13"/>
            </include>
          </control>
          <control type="label">
            <left>110</left>
            <top>-100</top>
            <right>50</right>
            <height>40</height>
            <label>$INFO[ListItem.Label]</label>
            <font>font45_title</font>
            <shadowcolor>text_shadow</shadowcolor>
            <visible>[String.IsEmpty(ListItem.Art(clearlogo)) + String.IsEmpty(ListItem.Art(tvshow.clearlogo))] | Skin.HasSetting(DisableClearlogo)</visible>
          </control>
          <control type="group">
            <top>60</top>
            <control type="image">
              <top>-980</top>
              <left>150</left>
              <width>400</width>
              <aspectratio>keep</aspectratio>
              <texture background="true">$VAR[Image_ClearLogo]</texture>
              <visible>[!String.IsEmpty(ListItem.Art(clearlogo)) | !String.IsEmpty(ListItem.Art(tvshow.clearlogo)) | !String.IsEmpty(ListItem.Art(clearlogo))] + !Skin.HasSetting(DisableClearlogo)</visible>
            </control>
          </control>
          <control type="group">
            <top>360</top>
            <left>520</left>
            <include content="Object_Item_Showcase">
              <param name="title_visible" value="false"/>
              <param name="cl_visible" value="false"/>
              <param name="plot" value="$VAR[Label_PlotTextBoxVar]"/>
              <param name="visible" value="Control.IsVisible(51)"/>
            </include>
          </control>
        </control>
      </control>
    </control>
    <control type="group">
      <centertop>50%</centertop>
      <height>670</height>
      <left>101</left>
      <depth>DepthContentPopout</depth>
      <visible>Control.IsVisible(51)</visible>
      <include>OpenClose_Bottom</include>
      <include>Visible_Left</include>
      <control type="image">
        <left>4</left>
        <top>-5</top>
        <width>476</width>
        <height>716</height>
        <fadetime>200</fadetime>
        <aspectratio scalediffuse="true">scale</aspectratio>
        <texture fallback="DefaultMovies.png" background="true" diffuse="diffuse/posterthumb-diffuse.png">$VAR[PosterThumbVar]</texture>
        <!-- <bordersize>20</bordersize> -->
      </control>
      <control type="group">
        <left>216</left>
        <top>-18</top>
        <include content="RatingCircle">
          <param name="animation" value="True"/>
        </include>
      </control>
      <control type="group">
        <top>-25</top>
        <left>-8</left>
        <width>498</width>
        <height>780</height>
        <include content="Selectbox">
          <param name="visible" value="$PARAM[focused]"/>
        </include>
      </control>
    </control>
    <include content="Object_Scrollbar_Horz">
      <param name="visible" value="Control.IsVisible(51)" />
      <param name="bottom" value="20"/>
    </include>
  </include>
</includes>
